Country,Code,Year,Score,Region
Afghanistan,AFG,2013,37.36,Southern Asia
Afghanistan,AFG,2014,37.07,Southern Asia
Afghanistan,AFG,2015,37.44,Southern Asia
Afghanistan,AFG,2016,37.75,Southern Asia
Afghanistan,AFG,2017,39.46,Southern Asia
Afghanistan,AFG,2018,37.28,Southern Asia
Afghanistan,AFG,2019,36.55,Southern Asia
Afghanistan,AFG,2020,37.7,Southern Asia
Afghanistan,AFG,2021,40.19,Southern Asia
Albania,ALB,2013,30.88,Southern Europe
Albania,ALB,2014,29.92,Southern Europe
Albania,ALB,2015,28.77,Southern Europe
Albania,ALB,2016,29.92,Southern Europe
Albania,ALB,2017,29.92,Southern Europe
Albania,ALB,2018,29.49,Southern Europe
Albania,ALB,2019,29.84,Southern Europe
Albania,ALB,2020,30.25,Southern Europe
Albania,ALB,2021,30.59,Southern Europe
Algeria,DZA,2013,36.54,Northern Africa
Algeria,DZA,2014,36.26,Northern Africa
Algeria,DZA,2015,36.63,Northern Africa
Algeria,DZA,2016,41.69,Northern Africa
Algeria,DZA,2017,42.83,Northern Africa
Algeria,DZA,2018,43.13,Northern Africa
Algeria,DZA,2019,45.75,Northern Africa
Algeria,DZA,2020,45.52,Northern Africa
Algeria,DZA,2021,47.26,Northern Africa
Andorra,AND,2013,6.82,Southern Europe
Andorra,AND,2014,6.82,Southern Europe
Andorra,AND,2015,19.87,Southern Europe
Andorra,AND,2016,19.87,Southern Europe
Andorra,AND,2017,21.03,Southern Europe
Andorra,AND,2018,22.21,Southern Europe
Andorra,AND,2019,24.63,Southern Europe
Andorra,AND,2020,23.23,Southern Europe
Andorra,AND,2021,23.32,Southern Europe
Angola,AGO,2013,37.8,Middle Africa
Angola,AGO,2014,36.5,Middle Africa
Angola,AGO,2015,37.84,Middle Africa
Angola,AGO,2016,39.89,Middle Africa
Angola,AGO,2017,40.42,Middle Africa
Angola,AGO,2018,38.35,Middle Africa
Angola,AGO,2019,34.96,Middle Africa
Angola,AGO,2020,33.92,Middle Africa
Angola,AGO,2021,34.06,Middle Africa
Argentina,ARG,2013,25.67,South America
Argentina,ARG,2014,25.27,South America
Argentina,ARG,2015,26.11,South America
Argentina,ARG,2016,25.09,South America
Argentina,ARG,2017,25.07,South America
Argentina,ARG,2018,26.05,South America
Argentina,ARG,2019,28.3,South America
Argentina,ARG,2020,28.78,South America
Argentina,ARG,2021,28.99,South America
Armenia,ARM,2013,28.04,Western Asia
Armenia,ARM,2014,29.07,Western Asia
Armenia,ARM,2015,28.43,Western Asia
Armenia,ARM,2016,28.79,Western Asia
Armenia,ARM,2017,30.38,Western Asia
Armenia,ARM,2018,29.99,Western Asia
Armenia,ARM,2019,28.98,Western Asia
Armenia,ARM,2020,28.6,Western Asia
Armenia,ARM,2021,28.83,Western Asia
Australia,AUS,2013,15.24,Australia and New Zealand
Australia,AUS,2014,16.91,Australia and New Zealand
Australia,AUS,2015,17.03,Australia and New Zealand
Australia,AUS,2016,17.84,Australia and New Zealand
Australia,AUS,2017,16.02,Australia and New Zealand
Australia,AUS,2018,15.46,Australia and New Zealand
Australia,AUS,2019,16.55,Australia and New Zealand
Australia,AUS,2020,20.21,Australia and New Zealand
Australia,AUS,2021,19.79,Australia and New Zealand
Austria,AUT,2013,9.4,Western Europe
Austria,AUT,2014,10.01,Western Europe
Austria,AUT,2015,10.85,Western Europe
Austria,AUT,2016,13.18,Western Europe
Austria,AUT,2017,13.47,Western Europe
Austria,AUT,2018,14.04,Western Europe
Austria,AUT,2019,15.33,Western Europe
Austria,AUT,2020,15.78,Western Europe
Austria,AUT,2021,16.34,Western Europe
Azerbaijan,AZE,2013,47.73,Western Asia
Azerbaijan,AZE,2014,52.87,Western Asia
Azerbaijan,AZE,2015,58.41,Western Asia
Azerbaijan,AZE,2016,57.89,Western Asia
Azerbaijan,AZE,2017,56.4,Western Asia
Azerbaijan,AZE,2018,59.73,Western Asia
Azerbaijan,AZE,2019,59.13,Western Asia
Azerbaijan,AZE,2020,58.48,Western Asia
Azerbaijan,AZE,2021,58.77,Western Asia
Bahrain,BHR,2013,62.75,Western Asia
Bahrain,BHR,2014,58.26,Western Asia
Bahrain,BHR,2015,58.69,Western Asia
Bahrain,BHR,2016,54.86,Western Asia
Bahrain,BHR,2017,58.88,Western Asia
Bahrain,BHR,2018,60.85,Western Asia
Bahrain,BHR,2019,61.31,Western Asia
Bahrain,BHR,2020,60.13,Western Asia
Bahrain,BHR,2021,61.1,Western Asia
Bangladesh,BGD,2013,42.01,Southern Asia
Bangladesh,BGD,2014,42.58,Southern Asia
Bangladesh,BGD,2015,42.95,Southern Asia
Bangladesh,BGD,2016,45.94,Southern Asia
Bangladesh,BGD,2017,48.36,Southern Asia
Bangladesh,BGD,2018,48.62,Southern Asia
Bangladesh,BGD,2019,50.74,Southern Asia
Bangladesh,BGD,2020,49.37,Southern Asia
Bangladesh,BGD,2021,49.71,Southern Asia
Belarus,BLR,2013,48.35,Eastern Europe
Belarus,BLR,2014,47.82,Eastern Europe
Belarus,BLR,2015,47.98,Eastern Europe
Belarus,BLR,2016,54.32,Eastern Europe
Belarus,BLR,2017,52.43,Eastern Europe
Belarus,BLR,2018,52.59,Eastern Europe
Belarus,BLR,2019,51.66,Eastern Europe
Belarus,BLR,2020,49.75,Eastern Europe
Belarus,BLR,2021,50.82,Eastern Europe
Belgium,BEL,2013,12.94,Western Europe
Belgium,BEL,2014,12.8,Western Europe
Belgium,BEL,2015,11.98,Western Europe
Belgium,BEL,2016,14.18,Western Europe
Belgium,BEL,2017,12.75,Western Europe
Belgium,BEL,2018,13.16,Western Europe
Belgium,BEL,2019,12.07,Western Europe
Belgium,BEL,2020,12.57,Western Europe
Belgium,BEL,2021,11.69,Western Europe
Belize,BLZ,2014,17.05,Central America
Belize,BLZ,2015,18.54,Central America
Belize,BLZ,2016,20.61,Central America
Belize,BLZ,2017,23.43,Central America
Belize,BLZ,2018,24.55,Central America
Belize,BLZ,2019,27.5,Central America
Belize,BLZ,2020,27.5,Central America
Belize,BLZ,2021,27.61,Central America
Benin,BEN,2013,28.33,Western Africa
Benin,BEN,2014,28.83,Western Africa
Benin,BEN,2015,29.24,Western Africa
Benin,BEN,2016,28.97,Western Africa
Benin,BEN,2017,30.32,Western Africa
Benin,BEN,2018,30.16,Western Africa
Benin,BEN,2019,31.74,Western Africa
Benin,BEN,2020,35.11,Western Africa
Benin,BEN,2021,38.18,Western Africa
Bhutan,BTN,2013,28.42,Southern Asia
Bhutan,BTN,2014,30.73,Southern Asia
Bhutan,BTN,2015,32.65,Southern Asia
Bhutan,BTN,2016,30.73,Southern Asia
Bhutan,BTN,2017,30.73,Southern Asia
Bhutan,BTN,2018,30.73,Southern Asia
Bhutan,BTN,2019,29.81,Southern Asia
Bhutan,BTN,2020,28.9,Southern Asia
Bhutan,BTN,2021,28.86,Southern Asia
Bolivia,BOL,2013,32.8,South America
Bolivia,BOL,2014,31.04,South America
Bolivia,BOL,2015,31.29,South America
Bolivia,BOL,2016,31.78,South America
Bolivia,BOL,2017,33.88,South America
Bolivia,BOL,2018,32.45,South America
Bolivia,BOL,2019,35.38,South America
Bolivia,BOL,2020,35.37,South America
Bolivia,BOL,2021,35.47,South America
Bosnia and Herzegovina,BIH,2013,26.86,Southern Europe
Bosnia and Herzegovina,BIH,2014,26.86,Southern Europe
Bosnia and Herzegovina,BIH,2015,27.51,Southern Europe
Bosnia and Herzegovina,BIH,2016,28.45,Southern Europe
Bosnia and Herzegovina,BIH,2017,27.83,Southern Europe
Bosnia and Herzegovina,BIH,2018,27.37,Southern Europe
Bosnia and Herzegovina,BIH,2019,29.02,Southern Europe
Bosnia and Herzegovina,BIH,2020,28.51,Southern Europe
Bosnia and Herzegovina,BIH,2021,28.34,Southern Europe
Botswana,BWA,2013,22.91,Southern Africa
Botswana,BWA,2014,22.91,Southern Africa
Botswana,BWA,2015,22.91,Southern Africa
Botswana,BWA,2016,22.91,Southern Africa
Botswana,BWA,2017,24.93,Southern Africa
Botswana,BWA,2018,25.29,Southern Africa
Botswana,BWA,2019,25.09,Southern Africa
Botswana,BWA,2020,23.56,Southern Africa
Botswana,BWA,2021,23.25,Southern Africa
Brazil,BRA,2013,32.75,South America
Brazil,BRA,2014,34.03,South America
Brazil,BRA,2015,31.93,South America
Brazil,BRA,2016,32.62,South America
Brazil,BRA,2017,33.58,South America
Brazil,BRA,2018,31.2,South America
Brazil,BRA,2019,32.79,South America
Brazil,BRA,2020,34.05,South America
Brazil,BRA,2021,36.25,South America
Brunei,BRN,2013,35.45,South-eastern Asia
Brunei,BRN,2014,35.45,South-eastern Asia
Brunei,BRN,2015,36.76,South-eastern Asia
Brunei,BRN,2016,53.85,South-eastern Asia
Brunei,BRN,2017,53.72,South-eastern Asia
Brunei,BRN,2018,51.48,South-eastern Asia
Brunei,BRN,2019,51.48,South-eastern Asia
Brunei,BRN,2020,49.65,South-eastern Asia
Brunei,BRN,2021,49.91,South-eastern Asia
Bulgaria,BGR,2013,28.58,Eastern Europe
Bulgaria,BGR,2014,31.42,Eastern Europe
Bulgaria,BGR,2015,32.91,Eastern Europe
Bulgaria,BGR,2016,34.46,Eastern Europe
Bulgaria,BGR,2017,35.01,Eastern Europe
Bulgaria,BGR,2018,35.22,Eastern Europe
Bulgaria,BGR,2019,35.11,Eastern Europe
Bulgaria,BGR,2020,35.06,Eastern Europe
Bulgaria,BGR,2021,37.29,Eastern Europe
Burkina Faso,BFA,2013,23.7,Western Africa
Burkina Faso,BFA,2014,24.45,Western Africa
Burkina Faso,BFA,2015,23.79,Western Africa
Burkina Faso,BFA,2016,22.66,Western Africa
Burkina Faso,BFA,2017,23.85,Western Africa
Burkina Faso,BFA,2018,23.33,Western Africa
Burkina Faso,BFA,2019,24.53,Western Africa
Burkina Faso,BFA,2020,23.47,Western Africa
Burkina Faso,BFA,2021,23.17,Western Africa
Burundi,BDI,2013,38.02,Eastern Africa
Burundi,BDI,2014,40.5,Eastern Africa
Burundi,BDI,2015,42.93,Eastern Africa
Burundi,BDI,2016,54.1,Eastern Africa
Burundi,BDI,2017,55.78,Eastern Africa
Burundi,BDI,2018,55.26,Eastern Africa
Burundi,BDI,2019,52.89,Eastern Africa
Burundi,BDI,2020,55.33,Eastern Africa
Burundi,BDI,2021,47.57,Eastern Africa
Cambodia,KHM,2013,41.81,South-eastern Asia
Cambodia,KHM,2014,40.97,South-eastern Asia
Cambodia,KHM,2015,40.99,South-eastern Asia
Cambodia,KHM,2016,40.7,South-eastern Asia
Cambodia,KHM,2017,42.07,South-eastern Asia
Cambodia,KHM,2018,45.9,South-eastern Asia
Cambodia,KHM,2019,45.9,South-eastern Asia
Cambodia,KHM,2020,45.46,South-eastern Asia
Cambodia,KHM,2021,46.84,South-eastern Asia
Cameroon,CMR,2013,34.78,Middle Africa
Cameroon,CMR,2014,38.13,Middle Africa
Cameroon,CMR,2015,39.63,Middle Africa
Cameroon,CMR,2016,40.53,Middle Africa
Cameroon,CMR,2017,41.59,Middle Africa
Cameroon,CMR,2018,40.92,Middle Africa
Cameroon,CMR,2019,43.32,Middle Africa
Cameroon,CMR,2020,43.28,Middle Africa
Cameroon,CMR,2021,43.78,Middle Africa
Canada,CAN,2013,12.69,Northern America
Canada,CAN,2014,10.99,Northern America
Canada,CAN,2015,10.99,Northern America
Canada,CAN,2016,15.26,Northern America
Canada,CAN,2017,16.53,Northern America
Canada,CAN,2018,15.28,Northern America
Canada,CAN,2019,15.69,Northern America
Canada,CAN,2020,15.29,Northern America
Canada,CAN,2021,15.25,Northern America
Cape Verde,CPV,2013,14.33,Western Africa
Cape Verde,CPV,2014,14.32,Western Africa
Cape Verde,CPV,2015,20.69,Western Africa
Cape Verde,CPV,2016,19.82,Western Africa
Cape Verde,CPV,2017,18.02,Western Africa
Cape Verde,CPV,2018,20.39,Western Africa
Cape Verde,CPV,2019,19.81,Western Africa
Cape Verde,CPV,2020,20.15,Western Africa
Cape Verde,CPV,2021,20.09,Western Africa
Central African Republic,CAF,2013,26.61,Middle Africa
Central African Republic,CAF,2014,33.13,Middle Africa
Central African Republic,CAF,2015,33.84,Middle Africa
Central African Republic,CAF,2016,33.6,Middle Africa
Central African Republic,CAF,2017,36.12,Middle Africa
Central African Republic,CAF,2018,35.25,Middle Africa
Central African Republic,CAF,2019,47.27,Middle Africa
Central African Republic,CAF,2020,42.87,Middle Africa
Central African Republic,CAF,2021,41.92,Middle Africa
Chad,TCD,2013,34.87,Middle Africa
Chad,TCD,2014,40.22,Middle Africa
Chad,TCD,2015,40.17,Middle Africa
Chad,TCD,2016,40.59,Middle Africa
Chad,TCD,2017,39.66,Middle Africa
Chad,TCD,2018,38.45,Middle Africa
Chad,TCD,2019,36.71,Middle Africa
Chad,TCD,2020,39.7,Middle Africa
Chad,TCD,2021,40.2,Middle Africa
Chile,CHL,2013,26.24,South America
Chile,CHL,2014,25.8,South America
Chile,CHL,2015,23.0,South America
Chile,CHL,2016,19.23,South America
Chile,CHL,2017,20.53,South America
Chile,CHL,2018,22.69,South America
Chile,CHL,2019,25.65,South America
Chile,CHL,2020,27.31,South America
Chile,CHL,2021,27.89,South America
China,CHN,2013,73.07,Eastern Asia
China,CHN,2014,72.91,Eastern Asia
China,CHN,2015,73.55,Eastern Asia
China,CHN,2016,80.96,Eastern Asia
China,CHN,2017,77.66,Eastern Asia
China,CHN,2018,78.29,Eastern Asia
China,CHN,2019,78.92,Eastern Asia
China,CHN,2020,78.48,Eastern Asia
China,CHN,2021,78.72,Eastern Asia
Colombia,COL,2013,37.48,South America
Colombia,COL,2014,36.68,South America
Colombia,COL,2015,39.08,South America
Colombia,COL,2016,44.11,South America
Colombia,COL,2017,41.47,South America
Colombia,COL,2018,41.03,South America
Colombia,COL,2019,42.82,South America
Colombia,COL,2020,42.66,South America
Colombia,COL,2021,43.74,South America
Comoros,COM,2013,24.52,Eastern Africa
Comoros,COM,2014,24.52,Eastern Africa
Comoros,COM,2015,24.52,Eastern Africa
Comoros,COM,2016,24.33,Eastern Africa
Comoros,COM,2017,24.33,Eastern Africa
Comoros,COM,2018,25.3,Eastern Africa
Comoros,COM,2019,27.91,Eastern Africa
Comoros,COM,2020,29.77,Eastern Africa
Comoros,COM,2021,30.65,Eastern Africa
Congo,COG,2013,28.2,Middle Africa
Congo,COG,2014,29.44,Middle Africa
Congo,COG,2015,33.0,Middle Africa
Congo,COG,2016,35.84,Middle Africa
Congo,COG,2017,36.73,Middle Africa
Congo,COG,2018,35.42,Middle Africa
Congo,COG,2019,36.04,Middle Africa
Congo,COG,2020,36.56,Middle Africa
Congo,COG,2021,38.83,Middle Africa
Costa Rica,CRI,2013,12.08,Central America
Costa Rica,CRI,2014,12.23,Central America
Costa Rica,CRI,2015,12.26,Central America
Costa Rica,CRI,2016,11.1,Central America
Costa Rica,CRI,2017,11.93,Central America
Costa Rica,CRI,2018,14.01,Central America
Costa Rica,CRI,2019,12.24,Central America
Costa Rica,CRI,2020,10.53,Central America
Costa Rica,CRI,2021,8.76,Central America
Cote d'Ivoire,CIV,2013,29.77,Western Africa
Cote d'Ivoire,CIV,2014,31.63,Western Africa
Cote d'Ivoire,CIV,2015,30.45,Western Africa
Cote d'Ivoire,CIV,2016,30.17,Western Africa
Cote d'Ivoire,CIV,2017,30.42,Western Africa
Cote d'Ivoire,CIV,2018,30.08,Western Africa
Cote d'Ivoire,CIV,2019,29.52,Western Africa
Cote d'Ivoire,CIV,2020,28.94,Western Africa
Cote d'Ivoire,CIV,2021,28.87,Western Africa
Croatia,HRV,2013,26.61,Southern Europe
Croatia,HRV,2014,26.82,Southern Europe
Croatia,HRV,2015,26.12,Southern Europe
Croatia,HRV,2016,27.91,Southern Europe
Croatia,HRV,2017,29.59,Southern Europe
Croatia,HRV,2018,28.94,Southern Europe
Croatia,HRV,2019,29.03,Southern Europe
Croatia,HRV,2020,28.51,Southern Europe
Croatia,HRV,2021,27.95,Southern Europe
Cuba,CUB,2013,71.64,Caribbean
Cuba,CUB,2014,70.92,Caribbean
Cuba,CUB,2015,70.21,Caribbean
Cuba,CUB,2016,70.23,Caribbean
Cuba,CUB,2017,71.75,Caribbean
Cuba,CUB,2018,68.9,Caribbean
Cuba,CUB,2019,63.81,Caribbean
Cuba,CUB,2020,63.81,Caribbean
Cuba,CUB,2021,63.94,Caribbean
Cyprus,CYP,2013,13.83,Western Asia
Cyprus,CYP,2014,14.45,Western Asia
Cyprus,CYP,2015,16.52,Western Asia
Cyprus,CYP,2016,18.26,Western Asia
Cyprus,CYP,2017,19.79,Western Asia
Cyprus,CYP,2018,19.85,Western Asia
Cyprus,CYP,2019,21.74,Western Asia
Cyprus,CYP,2020,20.45,Western Asia
Cyprus,CYP,2021,19.85,Western Asia
Czechia,CZE,2013,10.17,Eastern Europe
Czechia,CZE,2014,10.07,Eastern Europe
Czechia,CZE,2015,11.62,Eastern Europe
Czechia,CZE,2016,16.66,Eastern Europe
Czechia,CZE,2017,16.91,Eastern Europe
Czechia,CZE,2018,21.89,Eastern Europe
Czechia,CZE,2019,24.89,Eastern Europe
Czechia,CZE,2020,23.57,Eastern Europe
Czechia,CZE,2021,23.38,Eastern Europe
Democratic Republic of Congo,COD,2013,41.66,Middle Africa
Democratic Republic of Congo,COD,2014,44.64,Middle Africa
Democratic Republic of Congo,COD,2015,44.31,Middle Africa
Democratic Republic of Congo,COD,2016,50.97,Middle Africa
Democratic Republic of Congo,COD,2017,52.67,Middle Africa
Democratic Republic of Congo,COD,2018,51.6,Middle Africa
Democratic Republic of Congo,COD,2019,51.71,Middle Africa
Democratic Republic of Congo,COD,2020,49.09,Middle Africa
Democratic Republic of Congo,COD,2021,48.59,Middle Africa
Denmark,DNK,2013,7.08,Northern Europe
Denmark,DNK,2014,7.43,Northern Europe
Denmark,DNK,2015,8.24,Northern Europe
Denmark,DNK,2016,8.89,Northern Europe
Denmark,DNK,2017,10.36,Northern Europe
Denmark,DNK,2018,13.99,Northern Europe
Denmark,DNK,2019,9.87,Northern Europe
Denmark,DNK,2020,8.13,Northern Europe
Denmark,DNK,2021,8.57,Northern Europe
Djibouti,DJI,2013,67.4,Eastern Africa
Djibouti,DJI,2014,70.34,Eastern Africa
Djibouti,DJI,2015,71.04,Eastern Africa
Djibouti,DJI,2016,70.9,Eastern Africa
Djibouti,DJI,2017,70.54,Eastern Africa
Djibouti,DJI,2018,70.77,Eastern Africa
Djibouti,DJI,2019,71.36,Eastern Africa
Djibouti,DJI,2020,76.73,Eastern Africa
Djibouti,DJI,2021,78.62,Eastern Africa
Dominican Republic,DOM,2013,28.34,Caribbean
Dominican Republic,DOM,2014,27.17,Caribbean
Dominican Republic,DOM,2015,27.31,Caribbean
Dominican Republic,DOM,2016,27.9,Caribbean
Dominican Republic,DOM,2017,26.76,Caribbean
Dominican Republic,DOM,2018,26.79,Caribbean
Dominican Republic,DOM,2019,27.9,Caribbean
Dominican Republic,DOM,2020,27.9,Caribbean
Dominican Republic,DOM,2021,25.6,Caribbean
East Timor,TLS,2013,28.72,South-eastern Asia
East Timor,TLS,2014,29.04,South-eastern Asia
East Timor,TLS,2015,32.63,South-eastern Asia
East Timor,TLS,2016,32.02,South-eastern Asia
East Timor,TLS,2017,32.82,South-eastern Asia
East Timor,TLS,2018,30.81,South-eastern Asia
East Timor,TLS,2019,29.93,South-eastern Asia
East Timor,TLS,2020,29.9,South-eastern Asia
East Timor,TLS,2021,29.11,South-eastern Asia
Ecuador,ECU,2013,34.69,South America
Ecuador,ECU,2014,31.16,South America
Ecuador,ECU,2015,33.65,South America
Ecuador,ECU,2016,33.21,South America
Ecuador,ECU,2017,33.64,South America
Ecuador,ECU,2018,30.56,South America
Ecuador,ECU,2019,31.88,South America
Ecuador,ECU,2020,32.62,South America
Ecuador,ECU,2021,32.83,South America
Egypt,EGY,2013,48.66,Northern Africa
Egypt,EGY,2014,51.89,Northern Africa
Egypt,EGY,2015,50.17,Northern Africa
Egypt,EGY,2016,54.45,Northern Africa
Egypt,EGY,2017,55.78,Northern Africa
Egypt,EGY,2018,56.72,Northern Africa
Egypt,EGY,2019,56.47,Northern Africa
Egypt,EGY,2020,56.82,Northern Africa
Egypt,EGY,2021,56.17,Northern Africa
El Salvador,SLV,2013,22.86,Central America
El Salvador,SLV,2014,21.57,Central America
El Salvador,SLV,2015,23.66,Central America
El Salvador,SLV,2016,27.2,Central America
El Salvador,SLV,2017,27.24,Central America
El Salvador,SLV,2018,27.78,Central America
El Salvador,SLV,2019,29.81,Central America
El Salvador,SLV,2020,29.7,Central America
El Salvador,SLV,2021,30.49,Central America
Equatorial Guinea,GNQ,2013,67.2,Middle Africa
Equatorial Guinea,GNQ,2014,67.95,Middle Africa
Equatorial Guinea,GNQ,2015,66.23,Middle Africa
Equatorial Guinea,GNQ,2016,66.47,Middle Africa
Equatorial Guinea,GNQ,2017,66.47,Middle Africa
Equatorial Guinea,GNQ,2018,66.47,Middle Africa
Equatorial Guinea,GNQ,2019,58.35,Middle Africa
Equatorial Guinea,GNQ,2020,56.38,Middle Africa
Equatorial Guinea,GNQ,2021,55.67,Middle Africa
Eritrea,ERI,2013,84.83,Eastern Africa
Eritrea,ERI,2014,84.83,Eastern Africa
Eritrea,ERI,2015,84.86,Eastern Africa
Eritrea,ERI,2016,83.92,Eastern Africa
Eritrea,ERI,2017,84.24,Eastern Africa
Eritrea,ERI,2018,84.24,Eastern Africa
Eritrea,ERI,2019,80.26,Eastern Africa
Eritrea,ERI,2020,83.5,Eastern Africa
Eritrea,ERI,2021,81.45,Eastern Africa
Estonia,EST,2013,9.26,Northern Europe
Estonia,EST,2014,9.63,Northern Europe
Estonia,EST,2015,11.19,Northern Europe
Estonia,EST,2016,14.31,Northern Europe
Estonia,EST,2017,13.55,Northern Europe
Estonia,EST,2018,14.08,Northern Europe
Estonia,EST,2019,12.27,Northern Europe
Estonia,EST,2020,12.61,Northern Europe
Estonia,EST,2021,15.25,Northern Europe
Eswatini,SWZ,2014,46.76,Southern Africa
Eswatini,SWZ,2015,47.28,Southern Africa
Eswatini,SWZ,2016,52.37,Southern Africa
Eswatini,SWZ,2017,51.27,Southern Africa
Eswatini,SWZ,2018,51.46,Southern Africa
Eswatini,SWZ,2019,49.09,Southern Africa
Eswatini,SWZ,2020,45.15,Southern Africa
Eswatini,SWZ,2021,46.34,Southern Africa
Ethiopia,ETH,2013,39.57,Eastern Africa
Ethiopia,ETH,2014,40.58,Eastern Africa
Ethiopia,ETH,2015,41.83,Eastern Africa
Ethiopia,ETH,2016,45.13,Eastern Africa
Ethiopia,ETH,2017,50.34,Eastern Africa
Ethiopia,ETH,2018,50.17,Eastern Africa
Ethiopia,ETH,2019,35.11,Eastern Africa
Ethiopia,ETH,2020,32.82,Eastern Africa
Ethiopia,ETH,2021,33.63,Eastern Africa
Fiji,FJI,2013,32.69,Melanesia
Fiji,FJI,2014,32.57,Melanesia
Fiji,FJI,2015,31.28,Melanesia
Fiji,FJI,2016,29.37,Melanesia
Fiji,FJI,2017,28.64,Melanesia
Fiji,FJI,2018,26.55,Melanesia
Fiji,FJI,2019,27.18,Melanesia
Fiji,FJI,2020,27.41,Melanesia
Fiji,FJI,2021,27.92,Melanesia
Finland,FIN,2013,6.38,Northern Europe
Finland,FIN,2014,6.4,Northern Europe
Finland,FIN,2015,7.52,Northern Europe
Finland,FIN,2016,8.59,Northern Europe
Finland,FIN,2017,8.92,Northern Europe
Finland,FIN,2018,10.26,Northern Europe
Finland,FIN,2019,7.9,Northern Europe
Finland,FIN,2020,7.93,Northern Europe
Finland,FIN,2021,6.99,Northern Europe
France,FRA,2013,21.6,Western Europe
France,FRA,2014,21.89,Western Europe
France,FRA,2015,21.15,Western Europe
France,FRA,2016,23.83,Western Europe
France,FRA,2017,22.24,Western Europe
France,FRA,2018,21.87,Western Europe
France,FRA,2019,22.21,Western Europe
France,FRA,2020,22.92,Western Europe
France,FRA,2021,22.6,Western Europe
Gabon,GAB,2013,28.69,Middle Africa
Gabon,GAB,2014,31.32,Middle Africa
Gabon,GAB,2015,31.38,Middle Africa
Gabon,GAB,2016,32.2,Middle Africa
Gabon,GAB,2017,34.83,Middle Africa
Gabon,GAB,2018,32.37,Middle Africa
Gabon,GAB,2019,35.6,Middle Africa
Gabon,GAB,2020,37.2,Middle Africa
Gabon,GAB,2021,38.6,Middle Africa
Gambia,GMB,2013,45.09,Western Africa
Gambia,GMB,2014,46.42,Western Africa
Gambia,GMB,2015,44.5,Western Africa
Gambia,GMB,2016,46.53,Western Africa
Gambia,GMB,2017,46.7,Western Africa
Gambia,GMB,2018,38.36,Western Africa
Gambia,GMB,2019,31.35,Western Africa
Gambia,GMB,2020,30.62,Western Africa
Gambia,GMB,2021,30.76,Western Africa
Georgia,GEO,2013,30.09,Western Asia
Georgia,GEO,2014,29.78,Western Asia
Georgia,GEO,2015,27.7,Western Asia
Georgia,GEO,2016,27.96,Western Asia
Georgia,GEO,2017,27.76,Western Asia
Georgia,GEO,2018,27.34,Western Asia
Georgia,GEO,2019,28.98,Western Asia
Georgia,GEO,2020,28.59,Western Asia
Georgia,GEO,2021,28.64,Western Asia
Germany,DEU,2013,10.24,Western Europe
Germany,DEU,2014,10.23,Western Europe
Germany,DEU,2015,11.47,Western Europe
Germany,DEU,2016,14.8,Western Europe
Germany,DEU,2017,14.97,Western Europe
Germany,DEU,2018,14.39,Western Europe
Germany,DEU,2019,14.6,Western Europe
Germany,DEU,2020,12.16,Western Europe
Germany,DEU,2021,15.24,Western Europe
Ghana,GHA,2013,17.27,Western Africa
Ghana,GHA,2014,16.29,Western Africa
Ghana,GHA,2015,15.5,Western Africa
Ghana,GHA,2016,17.95,Western Africa
Ghana,GHA,2017,17.95,Western Africa
Ghana,GHA,2018,18.41,Western Africa
Ghana,GHA,2019,20.81,Western Africa
Ghana,GHA,2020,22.26,Western Africa
Ghana,GHA,2021,21.33,Western Africa
Greece,GRC,2013,28.46,Southern Europe
Greece,GRC,2014,31.33,Southern Europe
Greece,GRC,2015,31.01,Southern Europe
Greece,GRC,2016,30.35,Southern Europe
Greece,GRC,2017,30.89,Southern Europe
Greece,GRC,2018,29.19,Southern Europe
Greece,GRC,2019,29.08,Southern Europe
Greece,GRC,2020,28.8,Southern Europe
Greece,GRC,2021,29.01,Southern Europe
Guatemala,GTM,2013,29.39,Central America
Guatemala,GTM,2014,36.61,Central America
Guatemala,GTM,2015,37.92,Central America
Guatemala,GTM,2016,38.03,Central America
Guatemala,GTM,2017,39.33,Central America
Guatemala,GTM,2018,36.17,Central America
Guatemala,GTM,2019,35.94,Central America
Guatemala,GTM,2020,35.74,Central America
Guatemala,GTM,2021,38.45,Central America
Guinea,GIN,2013,28.49,Western Africa
Guinea,GIN,2014,31.67,Western Africa
Guinea,GIN,2015,32.56,Western Africa
Guinea,GIN,2016,33.08,Western Africa
Guinea,GIN,2017,33.15,Western Africa
Guinea,GIN,2018,31.9,Western Africa
Guinea,GIN,2019,33.49,Western Africa
Guinea,GIN,2020,34.34,Western Africa
Guinea,GIN,2021,35.42,Western Africa
Guinea-Bissau,GNB,2013,28.94,Western Africa
Guinea-Bissau,GNB,2014,30.05,Western Africa
Guinea-Bissau,GNB,2015,28.7,Western Africa
Guinea-Bissau,GNB,2016,29.03,Western Africa
Guinea-Bissau,GNB,2017,30.09,Western Africa
Guinea-Bissau,GNB,2018,30.09,Western Africa
Guinea-Bissau,GNB,2019,30.95,Western Africa
Guinea-Bissau,GNB,2020,32.06,Western Africa
Guinea-Bissau,GNB,2021,32.68,Western Africa
Guyana,GUY,2013,27.08,South America
Guyana,GUY,2014,27.08,South America
Guyana,GUY,2015,27.21,South America
Guyana,GUY,2016,27.07,South America
Guyana,GUY,2017,26.8,South America
Guyana,GUY,2018,26.25,South America
Guyana,GUY,2019,26.63,South America
Guyana,GUY,2020,26.63,South America
Guyana,GUY,2021,25.61,South America
Haiti,HTI,2013,24.09,Caribbean
Haiti,HTI,2014,23.53,Caribbean
Haiti,HTI,2015,25.08,Caribbean
Haiti,HTI,2016,24.66,Caribbean
Haiti,HTI,2017,26.36,Caribbean
Haiti,HTI,2018,26.82,Caribbean
Haiti,HTI,2019,29.0,Caribbean
Haiti,HTI,2020,30.2,Caribbean
Haiti,HTI,2021,31.12,Caribbean
Honduras,HND,2013,36.92,Central America
Honduras,HND,2014,37.14,Central America
Honduras,HND,2015,39.27,Central America
Honduras,HND,2016,44.62,Central America
Honduras,HND,2017,43.75,Central America
Honduras,HND,2018,45.23,Central America
Honduras,HND,2019,48.53,Central America
Honduras,HND,2020,48.2,Central America
Honduras,HND,2021,49.35,Central America
Hong Kong,HKG,2013,26.16,Eastern Asia
Hong Kong,HKG,2014,26.55,Eastern Asia
Hong Kong,HKG,2015,27.76,Eastern Asia
Hong Kong,HKG,2016,28.5,Eastern Asia
Hong Kong,HKG,2017,29.46,Eastern Asia
Hong Kong,HKG,2018,29.04,Eastern Asia
Hong Kong,HKG,2019,29.65,Eastern Asia
Hong Kong,HKG,2020,30.01,Eastern Asia
Hong Kong,HKG,2021,30.44,Eastern Asia
Hungary,HUN,2013,26.09,Eastern Europe
Hungary,HUN,2014,26.73,Eastern Europe
Hungary,HUN,2015,27.44,Eastern Europe
Hungary,HUN,2016,28.17,Eastern Europe
Hungary,HUN,2017,29.01,Eastern Europe
Hungary,HUN,2018,29.11,Eastern Europe
Hungary,HUN,2019,30.44,Eastern Europe
Hungary,HUN,2020,30.84,Eastern Europe
Hungary,HUN,2021,31.76,Eastern Europe
Iceland,ISL,2013,8.49,Northern Europe
Iceland,ISL,2014,8.5,Northern Europe
Iceland,ISL,2015,13.87,Northern Europe
Iceland,ISL,2016,15.3,Northern Europe
Iceland,ISL,2017,13.03,Northern Europe
Iceland,ISL,2018,14.1,Northern Europe
Iceland,ISL,2019,14.71,Northern Europe
Iceland,ISL,2020,15.12,Northern Europe
Iceland,ISL,2021,15.37,Northern Europe
India,IND,2013,41.22,Southern Asia
India,IND,2014,40.34,Southern Asia
India,IND,2015,40.49,Southern Asia
India,IND,2016,43.17,Southern Asia
India,IND,2017,42.94,Southern Asia
India,IND,2018,43.24,Southern Asia
India,IND,2019,45.67,Southern Asia
India,IND,2020,45.33,Southern Asia
India,IND,2021,46.56,Southern Asia
Indonesia,IDN,2013,41.05,South-eastern Asia
Indonesia,IDN,2014,38.15,South-eastern Asia
Indonesia,IDN,2015,40.75,South-eastern Asia
Indonesia,IDN,2016,41.72,South-eastern Asia
Indonesia,IDN,2017,39.93,South-eastern Asia
Indonesia,IDN,2018,39.68,South-eastern Asia
Indonesia,IDN,2019,36.77,South-eastern Asia
Indonesia,IDN,2020,36.82,South-eastern Asia
Indonesia,IDN,2021,37.4,South-eastern Asia
Iran,IRN,2013,73.4,Southern Asia
Iran,IRN,2014,72.29,Southern Asia
Iran,IRN,2015,72.32,Southern Asia
Iran,IRN,2016,66.52,Southern Asia
Iran,IRN,2017,65.12,Southern Asia
Iran,IRN,2018,60.71,Southern Asia
Iran,IRN,2019,64.41,Southern Asia
Iran,IRN,2020,64.81,Southern Asia
Iran,IRN,2021,72.7,Southern Asia
Iraq,IRQ,2013,44.67,Western Asia
Iraq,IRQ,2014,45.44,Western Asia
Iraq,IRQ,2015,47.76,Western Asia
Iraq,IRQ,2016,54.35,Western Asia
Iraq,IRQ,2017,54.03,Western Asia
Iraq,IRQ,2018,56.56,Western Asia
Iraq,IRQ,2019,52.6,Western Asia
Iraq,IRQ,2020,55.37,Western Asia
Iraq,IRQ,2021,55.57,Western Asia
Ireland,IRL,2013,10.06,Northern Europe
Ireland,IRL,2014,10.87,Northern Europe
Ireland,IRL,2015,11.2,Northern Europe
Ireland,IRL,2016,12.4,Northern Europe
Ireland,IRL,2017,14.08,Northern Europe
Ireland,IRL,2018,14.59,Northern Europe
Ireland,IRL,2019,15.0,Northern Europe
Ireland,IRL,2020,12.6,Northern Europe
Ireland,IRL,2021,11.91,Northern Europe
Israel,ISR,2013,32.97,Western Asia
Israel,ISR,2014,31.19,Western Asia
Israel,ISR,2015,32.09,Western Asia
Israel,ISR,2016,32.58,Western Asia
Israel,ISR,2017,31.01,Western Asia
Israel,ISR,2018,30.26,Western Asia
Israel,ISR,2019,30.8,Western Asia
Israel,ISR,2020,30.84,Western Asia
Israel,ISR,2021,30.9,Western Asia
Italy,ITA,2013,26.11,Southern Europe
Italy,ITA,2014,23.75,Southern Europe
Italy,ITA,2015,27.94,Southern Europe
Italy,ITA,2016,28.93,Southern Europe
Italy,ITA,2017,26.26,Southern Europe
Italy,ITA,2018,24.12,Southern Europe
Italy,ITA,2019,24.98,Southern Europe
Italy,ITA,2020,23.69,Southern Europe
Italy,ITA,2021,23.39,Southern Europe
Jamaica,JAM,2013,9.88,Caribbean
Jamaica,JAM,2014,10.9,Caribbean
Jamaica,JAM,2015,11.18,Caribbean
Jamaica,JAM,2016,12.45,Caribbean
Jamaica,JAM,2017,12.73,Caribbean
Jamaica,JAM,2018,11.33,Caribbean
Jamaica,JAM,2019,11.13,Caribbean
Jamaica,JAM,2020,10.51,Caribbean
Jamaica,JAM,2021,9.96,Caribbean
Japan,JPN,2013,25.17,Eastern Asia
Japan,JPN,2014,26.02,Eastern Asia
Japan,JPN,2015,26.95,Eastern Asia
Japan,JPN,2016,28.67,Eastern Asia
Japan,JPN,2017,29.44,Eastern Asia
Japan,JPN,2018,28.64,Eastern Asia
Japan,JPN,2019,29.36,Eastern Asia
Japan,JPN,2020,28.86,Eastern Asia
Japan,JPN,2021,28.88,Eastern Asia
Jordan,JOR,2013,38.47,Western Asia
Jordan,JOR,2014,40.42,Western Asia
Jordan,JOR,2015,42.07,Western Asia
Jordan,JOR,2016,44.49,Western Asia
Jordan,JOR,2017,43.24,Western Asia
Jordan,JOR,2018,41.71,Western Asia
Jordan,JOR,2019,43.11,Western Asia
Jordan,JOR,2020,42.08,Western Asia
Jordan,JOR,2021,42.89,Western Asia
Kazakhstan,KAZ,2013,55.08,Central Asia
Kazakhstan,KAZ,2014,54.94,Central Asia
Kazakhstan,KAZ,2015,53.46,Central Asia
Kazakhstan,KAZ,2016,54.55,Central Asia
Kazakhstan,KAZ,2017,54.01,Central Asia
Kazakhstan,KAZ,2018,54.41,Central Asia
Kazakhstan,KAZ,2019,52.82,Central Asia
Kazakhstan,KAZ,2020,54.11,Central Asia
Kazakhstan,KAZ,2021,50.28,Central Asia
Kenya,KEN,2013,27.8,Eastern Africa
Kenya,KEN,2014,30.7,Eastern Africa
Kenya,KEN,2015,32.07,Eastern Africa
Kenya,KEN,2016,31.16,Eastern Africa
Kenya,KEN,2017,31.2,Eastern Africa
Kenya,KEN,2018,30.82,Eastern Africa
Kenya,KEN,2019,32.44,Eastern Africa
Kenya,KEN,2020,33.72,Eastern Africa
Kenya,KEN,2021,33.65,Eastern Africa
Kosovo,OWID_KOS,2013,28.47,Southern Europe
Kosovo,OWID_KOS,2014,29.29,Southern Europe
Kosovo,OWID_KOS,2015,30.63,Southern Europe
Kosovo,OWID_KOS,2016,30.5,Southern Europe
Kosovo,OWID_KOS,2017,30.45,Southern Europe
Kosovo,OWID_KOS,2018,29.61,Southern Europe
Kosovo,OWID_KOS,2019,29.68,Southern Europe
Kosovo,OWID_KOS,2020,29.33,Southern Europe
Kosovo,OWID_KOS,2021,30.32,Southern Europe
Kuwait,KWT,2013,28.28,Western Asia
Kuwait,KWT,2014,30.71,Western Asia
Kuwait,KWT,2015,30.84,Western Asia
Kuwait,KWT,2016,32.59,Western Asia
Kuwait,KWT,2017,33.61,Western Asia
Kuwait,KWT,2018,31.91,Western Asia
Kuwait,KWT,2019,33.86,Western Asia
Kuwait,KWT,2020,34.3,Western Asia
Kuwait,KWT,2021,34.36,Western Asia
Kyrgyzstan,KGZ,2013,32.2,Central Asia
Kyrgyzstan,KGZ,2014,31.24,Central Asia
Kyrgyzstan,KGZ,2015,30.69,Central Asia
Kyrgyzstan,KGZ,2016,30.16,Central Asia
Kyrgyzstan,KGZ,2017,30.92,Central Asia
Kyrgyzstan,KGZ,2018,31.0,Central Asia
Kyrgyzstan,KGZ,2019,29.92,Central Asia
Kyrgyzstan,KGZ,2020,30.19,Central Asia
Kyrgyzstan,KGZ,2021,30.37,Central Asia
Laos,LAO,2013,67.99,South-eastern Asia
Laos,LAO,2014,71.22,South-eastern Asia
Laos,LAO,2015,71.25,South-eastern Asia
Laos,LAO,2016,71.58,South-eastern Asia
Laos,LAO,2017,66.41,South-eastern Asia
Laos,LAO,2018,66.41,South-eastern Asia
Laos,LAO,2019,64.49,South-eastern Asia
Laos,LAO,2020,64.28,South-eastern Asia
Laos,LAO,2021,70.56,South-eastern Asia
Latvia,LVA,2013,22.89,Northern Europe
Latvia,LVA,2014,21.1,Northern Europe
Latvia,LVA,2015,18.12,Northern Europe
Latvia,LVA,2016,17.38,Northern Europe
Latvia,LVA,2017,18.62,Northern Europe
Latvia,LVA,2018,19.63,Northern Europe
Latvia,LVA,2019,19.53,Northern Europe
Latvia,LVA,2020,18.56,Northern Europe
Latvia,LVA,2021,19.26,Northern Europe
Lebanon,LBN,2013,30.15,Western Asia
Lebanon,LBN,2014,31.89,Western Asia
Lebanon,LBN,2015,31.81,Western Asia
Lebanon,LBN,2016,31.95,Western Asia
Lebanon,LBN,2017,33.01,Western Asia
Lebanon,LBN,2018,31.15,Western Asia
Lebanon,LBN,2019,32.44,Western Asia
Lebanon,LBN,2020,33.19,Western Asia
Lebanon,LBN,2021,34.93,Western Asia
Lesotho,LSO,2013,28.36,Southern Africa
Lesotho,LSO,2014,28.36,Southern Africa
Lesotho,LSO,2015,28.36,Southern Africa
Lesotho,LSO,2016,28.78,Southern Africa
Lesotho,LSO,2017,28.78,Southern Africa
Lesotho,LSO,2018,28.78,Southern Africa
Lesotho,LSO,2019,29.74,Southern Africa
Lesotho,LSO,2020,30.45,Southern Africa
Lesotho,LSO,2021,31.61,Southern Africa
Liberia,LBR,2013,29.89,Western Africa
Liberia,LBR,2014,30.65,Western Africa
Liberia,LBR,2015,30.78,Western Africa
Liberia,LBR,2016,30.71,Western Africa
Liberia,LBR,2017,31.12,Western Africa
Liberia,LBR,2018,30.33,Western Africa
Liberia,LBR,2019,31.49,Western Africa
Liberia,LBR,2020,32.25,Western Africa
Liberia,LBR,2021,33.36,Western Africa
Libya,LBY,2013,37.86,Northern Africa
Libya,LBY,2014,39.84,Northern Africa
Libya,LBY,2015,45.99,Northern Africa
Libya,LBY,2016,57.89,Northern Africa
Libya,LBY,2017,56.81,Northern Africa
Libya,LBY,2018,56.79,Northern Africa
Libya,LBY,2019,55.77,Northern Africa
Libya,LBY,2020,55.77,Northern Africa
Libya,LBY,2021,55.73,Northern Africa
Liechtenstein,LIE,2013,7.35,Western Europe
Liechtenstein,LIE,2014,7.02,Western Europe
Liechtenstein,LIE,2015,17.67,Western Europe
Liechtenstein,LIE,2016,18.36,Western Europe
Liechtenstein,LIE,2017,20.31,Western Europe
Liechtenstein,LIE,2018,20.49,Western Europe
Liechtenstein,LIE,2019,20.49,Western Europe
Liechtenstein,LIE,2020,19.52,Western Europe
Liechtenstein,LIE,2021,19.49,Western Europe
Lithuania,LTU,2013,18.24,Northern Europe
Lithuania,LTU,2014,19.2,Northern Europe
Lithuania,LTU,2015,18.8,Northern Europe
Lithuania,LTU,2016,19.95,Northern Europe
Lithuania,LTU,2017,21.37,Northern Europe
Lithuania,LTU,2018,22.2,Northern Europe
Lithuania,LTU,2019,22.06,Northern Europe
Lithuania,LTU,2020,21.19,Northern Europe
Lithuania,LTU,2021,20.15,Northern Europe
Luxembourg,LUX,2013,6.68,Western Europe
Luxembourg,LUX,2014,6.7,Western Europe
Luxembourg,LUX,2015,13.61,Western Europe
Luxembourg,LUX,2016,14.43,Western Europe
Luxembourg,LUX,2017,14.72,Western Europe
Luxembourg,LUX,2018,14.72,Western Europe
Luxembourg,LUX,2019,15.66,Western Europe
Luxembourg,LUX,2020,15.46,Western Europe
Luxembourg,LUX,2021,17.56,Western Europe
Madagascar,MDG,2013,28.62,Eastern Africa
Madagascar,MDG,2014,29.38,Eastern Africa
Madagascar,MDG,2015,27.43,Eastern Africa
Madagascar,MDG,2016,27.04,Eastern Africa
Madagascar,MDG,2017,26.71,Eastern Africa
Madagascar,MDG,2018,26.2,Eastern Africa
Madagascar,MDG,2019,27.76,Eastern Africa
Madagascar,MDG,2020,27.68,Eastern Africa
Madagascar,MDG,2021,28.24,Eastern Africa
Malawi,MWI,2013,28.18,Eastern Africa
Malawi,MWI,2014,28.29,Eastern Africa
Malawi,MWI,2015,26.41,Eastern Africa
Malawi,MWI,2016,28.12,Eastern Africa
Malawi,MWI,2017,28.97,Eastern Africa
Malawi,MWI,2018,27.43,Eastern Africa
Malawi,MWI,2019,29.36,Eastern Africa
Malawi,MWI,2020,29.32,Eastern Africa
Malawi,MWI,2021,28.8,Eastern Africa
Malaysia,MYS,2013,42.73,South-eastern Asia
Malaysia,MYS,2014,42.73,South-eastern Asia
Malaysia,MYS,2015,43.29,South-eastern Asia
Malaysia,MYS,2016,46.57,South-eastern Asia
Malaysia,MYS,2017,46.89,South-eastern Asia
Malaysia,MYS,2018,47.41,South-eastern Asia
Malaysia,MYS,2019,36.74,South-eastern Asia
Malaysia,MYS,2020,33.12,South-eastern Asia
Malaysia,MYS,2021,39.47,South-eastern Asia
Maldives,MDV,2013,31.1,Southern Asia
Maldives,MDV,2014,33.11,Southern Asia
Maldives,MDV,2015,34.32,Southern Asia
Maldives,MDV,2016,34.17,Southern Asia
Maldives,MDV,2017,39.3,Southern Asia
Maldives,MDV,2018,37.95,Southern Asia
Maldives,MDV,2019,32.16,Southern Asia
Maldives,MDV,2020,29.93,Southern Asia
Maldives,MDV,2021,29.13,Southern Asia
Mali,MLI,2013,30.03,Western Africa
Mali,MLI,2014,36.29,Western Africa
Mali,MLI,2015,36.33,Western Africa
Mali,MLI,2016,39.83,Western Africa
Mali,MLI,2017,38.27,Western Africa
Mali,MLI,2018,36.15,Western Africa
Mali,MLI,2019,35.23,Western Africa
Mali,MLI,2020,34.12,Western Africa
Mali,MLI,2021,33.5,Western Africa
Malta,MLT,2013,23.3,Southern Europe
Malta,MLT,2014,23.84,Southern Europe
Malta,MLT,2015,24.16,Southern Europe
Malta,MLT,2016,23.84,Southern Europe
Malta,MLT,2017,24.76,Southern Europe
Malta,MLT,2018,27.44,Southern Europe
Malta,MLT,2019,29.74,Southern Europe
Malta,MLT,2020,30.16,Southern Europe
Malta,MLT,2021,30.46,Southern Europe
Mauritania,MRT,2013,26.76,Western Africa
Mauritania,MRT,2014,26.53,Western Africa
Mauritania,MRT,2015,25.27,Western Africa
Mauritania,MRT,2016,24.03,Western Africa
Mauritania,MRT,2017,26.49,Western Africa
Mauritania,MRT,2018,29.09,Western Africa
Mauritania,MRT,2019,31.65,Western Africa
Mauritania,MRT,2020,32.54,Western Africa
Mauritania,MRT,2021,32.25,Western Africa
Mauritius,MUS,2013,26.47,Eastern Africa
Mauritius,MUS,2014,27.69,Eastern Africa
Mauritius,MUS,2015,27.69,Eastern Africa
Mauritius,MUS,2016,27.69,Eastern Africa
Mauritius,MUS,2017,26.67,Eastern Africa
Mauritius,MUS,2018,26.45,Eastern Africa
Mauritius,MUS,2019,28.46,Eastern Africa
Mauritius,MUS,2020,28.0,Eastern Africa
Mauritius,MUS,2021,28.74,Eastern Africa
Mexico,MEX,2013,45.3,Central America
Mexico,MEX,2014,45.04,Central America
Mexico,MEX,2015,43.69,Central America
Mexico,MEX,2016,49.33,Central America
Mexico,MEX,2017,48.97,Central America
Mexico,MEX,2018,48.91,Central America
Mexico,MEX,2019,46.78,Central America
Mexico,MEX,2020,45.45,Central America
Mexico,MEX,2021,46.71,Central America
Moldova,MDA,2013,26.01,Eastern Europe
Moldova,MDA,2014,25.35,Eastern Europe
Moldova,MDA,2015,27.85,Eastern Europe
Moldova,MDA,2016,28.83,Eastern Europe
Moldova,MDA,2017,30.41,Eastern Europe
Moldova,MDA,2018,30.01,Eastern Europe
Moldova,MDA,2019,31.21,Eastern Europe
Moldova,MDA,2020,31.16,Eastern Europe
Moldova,MDA,2021,31.61,Eastern Europe
Mongolia,MNG,2013,29.93,Eastern Asia
Mongolia,MNG,2014,30.3,Eastern Asia
Mongolia,MNG,2015,25.25,Eastern Asia
Mongolia,MNG,2016,27.61,Eastern Asia
Mongolia,MNG,2017,28.95,Eastern Asia
Mongolia,MNG,2018,29.05,Eastern Asia
Mongolia,MNG,2019,29.51,Eastern Asia
Mongolia,MNG,2020,29.61,Eastern Asia
Mongolia,MNG,2021,28.97,Eastern Asia
Montenegro,MNE,2013,32.97,Southern Europe
Montenegro,MNE,2014,34.78,Southern Europe
Montenegro,MNE,2015,34.63,Southern Europe
Montenegro,MNE,2016,32.79,Southern Europe
Montenegro,MNE,2017,33.65,Southern Europe
Montenegro,MNE,2018,31.21,Southern Europe
Montenegro,MNE,2019,32.74,Southern Europe
Montenegro,MNE,2020,33.83,Southern Europe
Montenegro,MNE,2021,34.33,Southern Europe
Morocco,MAR,2013,39.04,Northern Africa
Morocco,MAR,2014,39.72,Northern Africa
Morocco,MAR,2015,39.19,Northern Africa
Morocco,MAR,2016,42.64,Northern Africa
Morocco,MAR,2017,42.42,Northern Africa
Morocco,MAR,2018,43.13,Northern Africa
Morocco,MAR,2019,43.98,Northern Africa
Morocco,MAR,2020,42.88,Northern Africa
Morocco,MAR,2021,43.94,Northern Africa
Mozambique,MOZ,2013,28.01,Eastern Africa
Mozambique,MOZ,2014,29.26,Eastern Africa
Mozambique,MOZ,2015,29.98,Eastern Africa
Mozambique,MOZ,2016,30.25,Eastern Africa
Mozambique,MOZ,2017,31.05,Eastern Africa
Mozambique,MOZ,2018,31.12,Eastern Africa
Mozambique,MOZ,2019,32.66,Eastern Africa
Mozambique,MOZ,2020,33.79,Eastern Africa
Mozambique,MOZ,2021,35.39,Eastern Africa
Myanmar,MMR,2013,44.71,South-eastern Asia
Myanmar,MMR,2014,41.43,South-eastern Asia
Myanmar,MMR,2015,42.08,South-eastern Asia
Myanmar,MMR,2016,45.48,South-eastern Asia
Myanmar,MMR,2017,41.82,South-eastern Asia
Myanmar,MMR,2018,43.15,South-eastern Asia
Myanmar,MMR,2019,44.92,South-eastern Asia
Myanmar,MMR,2020,44.77,South-eastern Asia
Myanmar,MMR,2021,46.14,South-eastern Asia
Namibia,NAM,2013,12.5,Southern Africa
Namibia,NAM,2014,12.5,Southern Africa
Namibia,NAM,2015,12.5,Southern Africa
Namibia,NAM,2016,15.15,Southern Africa
Namibia,NAM,2017,17.08,Southern Africa
Namibia,NAM,2018,20.24,Southern Africa
Namibia,NAM,2019,18.95,Southern Africa
Namibia,NAM,2020,19.25,Southern Africa
Namibia,NAM,2021,19.72,Southern Africa
Nepal,NPL,2013,34.61,Southern Asia
Nepal,NPL,2014,36.16,Southern Asia
Nepal,NPL,2015,32.71,Southern Asia
Nepal,NPL,2016,32.62,Southern Asia
Nepal,NPL,2017,33.02,Southern Asia
Nepal,NPL,2018,32.05,Southern Asia
Nepal,NPL,2019,33.4,Southern Asia
Nepal,NPL,2020,35.1,Southern Asia
Nepal,NPL,2021,34.62,Southern Asia
Netherlands,NLD,2013,6.48,Western Europe
Netherlands,NLD,2014,6.46,Western Europe
Netherlands,NLD,2015,9.22,Western Europe
Netherlands,NLD,2016,8.76,Western Europe
Netherlands,NLD,2017,11.28,Western Europe
Netherlands,NLD,2018,10.01,Western Europe
Netherlands,NLD,2019,8.63,Western Europe
Netherlands,NLD,2020,9.96,Western Europe
Netherlands,NLD,2021,9.67,Western Europe
New Zealand,NZL,2013,8.38,Australia and New Zealand
New Zealand,NZL,2014,8.55,Australia and New Zealand
New Zealand,NZL,2015,10.06,Australia and New Zealand
New Zealand,NZL,2016,10.01,Australia and New Zealand
New Zealand,NZL,2017,13.98,Australia and New Zealand
New Zealand,NZL,2018,13.62,Australia and New Zealand
New Zealand,NZL,2019,10.75,Australia and New Zealand
New Zealand,NZL,2020,10.69,Australia and New Zealand
New Zealand,NZL,2021,10.04,Australia and New Zealand
Nicaragua,NIC,2013,28.31,Central America
Nicaragua,NIC,2014,27.7,Central America
Nicaragua,NIC,2015,27.94,Central America
Nicaragua,NIC,2016,28.82,Central America
Nicaragua,NIC,2017,31.01,Central America
Nicaragua,NIC,2018,30.41,Central America
Nicaragua,NIC,2019,35.53,Central America
Nicaragua,NIC,2020,35.81,Central America
Nicaragua,NIC,2021,39.98,Central America
Niger,NER,2013,23.08,Western Africa
Niger,NER,2014,23.59,Western Africa
Niger,NER,2015,23.85,Western Africa
Niger,NER,2016,24.62,Western Africa
Niger,NER,2017,27.21,Western Africa
Niger,NER,2018,27.4,Western Africa
Niger,NER,2019,29.26,Western Africa
Niger,NER,2020,28.25,Western Africa
Niger,NER,2021,28.44,Western Africa
Nigeria,NGA,2013,34.11,Western Africa
Nigeria,NGA,2014,34.24,Western Africa
Nigeria,NGA,2015,34.09,Western Africa
Nigeria,NGA,2016,35.9,Western Africa
Nigeria,NGA,2017,39.69,Western Africa
Nigeria,NGA,2018,37.41,Western Africa
Nigeria,NGA,2019,36.5,Western Africa
Nigeria,NGA,2020,35.63,Western Africa
Nigeria,NGA,2021,39.69,Western Africa
North Korea,PRK,2013,83.9,Eastern Asia
North Korea,PRK,2014,81.96,Eastern Asia
North Korea,PRK,2015,83.25,Eastern Asia
North Korea,PRK,2016,83.76,Eastern Asia
North Korea,PRK,2017,84.98,Eastern Asia
North Korea,PRK,2018,88.87,Eastern Asia
North Korea,PRK,2019,83.4,Eastern Asia
North Korea,PRK,2020,85.82,Eastern Asia
North Korea,PRK,2021,81.28,Eastern Asia
North Macedonia,MKD,2013,34.27,Southern Europe
North Macedonia,MKD,2014,36.43,Southern Europe
North Macedonia,MKD,2015,36.26,Southern Europe
North Macedonia,MKD,2016,36.09,Southern Europe
North Macedonia,MKD,2017,35.74,Southern Europe
North Macedonia,MKD,2018,32.43,Southern Europe
North Macedonia,MKD,2019,31.66,Southern Europe
North Macedonia,MKD,2020,31.28,Southern Europe
North Macedonia,MKD,2021,31.67,Southern Europe
Northern Cyprus,OWID_CYN,2013,29.34,Western Asia
Northern Cyprus,OWID_CYN,2014,29.54,Western Asia
Northern Cyprus,OWID_CYN,2015,28.33,Western Asia
Northern Cyprus,OWID_CYN,2016,29.54,Western Asia
Northern Cyprus,OWID_CYN,2017,29.88,Western Asia
Northern Cyprus,OWID_CYN,2018,29.59,Western Asia
Northern Cyprus,OWID_CYN,2019,29.67,Western Asia
Northern Cyprus,OWID_CYN,2020,29.79,Western Asia
Northern Cyprus,OWID_CYN,2021,29.82,Western Asia
Norway,NOR,2013,6.52,Northern Europe
Norway,NOR,2014,6.52,Northern Europe
Norway,NOR,2015,7.75,Northern Europe
Norway,NOR,2016,8.79,Northern Europe
Norway,NOR,2017,7.6,Northern Europe
Norway,NOR,2018,7.63,Northern Europe
Norway,NOR,2019,7.82,Northern Europe
Norway,NOR,2020,7.84,Northern Europe
Norway,NOR,2021,6.72,Northern Europe
Oman,OMN,2013,41.51,Western Asia
Oman,OMN,2014,38.83,Western Asia
Oman,OMN,2015,38.83,Western Asia
Oman,OMN,2016,40.43,Western Asia
Oman,OMN,2017,40.46,Western Asia
Oman,OMN,2018,40.67,Western Asia
Oman,OMN,2019,43.42,Western Asia
Oman,OMN,2020,43.42,Western Asia
Oman,OMN,2021,43.37,Western Asia
Pakistan,PAK,2013,51.31,Southern Asia
Pakistan,PAK,2014,51.46,Southern Asia
Pakistan,PAK,2015,50.46,Southern Asia
Pakistan,PAK,2016,48.52,Southern Asia
Pakistan,PAK,2017,43.55,Southern Asia
Pakistan,PAK,2018,43.24,Southern Asia
Pakistan,PAK,2019,45.83,Southern Asia
Pakistan,PAK,2020,45.52,Southern Asia
Pakistan,PAK,2021,46.86,Southern Asia
Palestine,PSE,2013,43.09,Western Asia
Palestine,PSE,2014,40.11,Western Asia
Palestine,PSE,2015,41.01,Western Asia
Palestine,PSE,2016,42.93,Western Asia
Palestine,PSE,2017,42.9,Western Asia
Palestine,PSE,2018,42.96,Western Asia
Palestine,PSE,2019,44.68,Western Asia
Palestine,PSE,2020,44.09,Western Asia
Palestine,PSE,2021,43.18,Western Asia
Panama,PAN,2013,32.95,Central America
Panama,PAN,2014,30.2,Central America
Panama,PAN,2015,28.98,Central America
Panama,PAN,2016,30.59,Central America
Panama,PAN,2017,32.12,Central America
Panama,PAN,2018,30.56,Central America
Panama,PAN,2019,29.78,Central America
Panama,PAN,2020,29.78,Central America
Panama,PAN,2021,29.94,Central America
Papua New Guinea,PNG,2013,22.97,Melanesia
Papua New Guinea,PNG,2014,23.46,Melanesia
Papua New Guinea,PNG,2015,25.87,Melanesia
Papua New Guinea,PNG,2016,25.81,Melanesia
Papua New Guinea,PNG,2017,25.07,Melanesia
Papua New Guinea,PNG,2018,26.19,Melanesia
Papua New Guinea,PNG,2019,24.7,Melanesia
Papua New Guinea,PNG,2020,23.93,Melanesia
Papua New Guinea,PNG,2021,24.88,Melanesia
Paraguay,PRY,2013,28.78,South America
Paraguay,PRY,2014,31.81,South America
Paraguay,PRY,2015,33.74,South America
Paraguay,PRY,2016,33.63,South America
Paraguay,PRY,2017,35.64,South America
Paraguay,PRY,2018,32.32,South America
Paraguay,PRY,2019,32.4,South America
Paraguay,PRY,2020,32.97,South America
Paraguay,PRY,2021,33.52,South America
Peru,PER,2013,31.87,South America
Peru,PER,2014,31.7,South America
Peru,PER,2015,31.21,South America
Peru,PER,2016,29.99,South America
Peru,PER,2017,30.98,South America
Peru,PER,2018,30.27,South America
Peru,PER,2019,30.22,South America
Peru,PER,2020,30.94,South America
Peru,PER,2021,31.71,South America
Philippines,PHL,2013,43.11,South-eastern Asia
Philippines,PHL,2014,43.69,South-eastern Asia
Philippines,PHL,2015,41.19,South-eastern Asia
Philippines,PHL,2016,44.66,South-eastern Asia
Philippines,PHL,2017,41.08,South-eastern Asia
Philippines,PHL,2018,42.53,South-eastern Asia
Philippines,PHL,2019,43.91,South-eastern Asia
Philippines,PHL,2020,43.54,South-eastern Asia
Philippines,PHL,2021,45.64,South-eastern Asia
Poland,POL,2013,13.11,Eastern Europe
Poland,POL,2014,11.03,Eastern Europe
Poland,POL,2015,12.71,Eastern Europe
Poland,POL,2016,23.89,Eastern Europe
Poland,POL,2017,26.47,Eastern Europe
Poland,POL,2018,26.59,Eastern Europe
Poland,POL,2019,28.89,Eastern Europe
Poland,POL,2020,28.65,Eastern Europe
Poland,POL,2021,28.84,Eastern Europe
Portugal,PRT,2013,16.75,Southern Europe
Portugal,PRT,2014,17.73,Southern Europe
Portugal,PRT,2015,17.11,Southern Europe
Portugal,PRT,2016,17.27,Southern Europe
Portugal,PRT,2017,15.77,Southern Europe
Portugal,PRT,2018,14.17,Southern Europe
Portugal,PRT,2019,12.63,Southern Europe
Portugal,PRT,2020,11.83,Southern Europe
Portugal,PRT,2021,10.11,Southern Europe
Qatar,QAT,2013,32.86,Western Asia
Qatar,QAT,2014,34.32,Western Asia
Qatar,QAT,2015,35.35,Western Asia
Qatar,QAT,2016,35.97,Western Asia
Qatar,QAT,2017,39.83,Western Asia
Qatar,QAT,2018,40.16,Western Asia
Qatar,QAT,2019,42.51,Western Asia
Qatar,QAT,2020,42.51,Western Asia
Qatar,QAT,2021,42.6,Western Asia
Romania,ROU,2013,23.05,Eastern Europe
Romania,ROU,2014,23.48,Eastern Europe
Romania,ROU,2015,24.9,Eastern Europe
Romania,ROU,2016,24.29,Eastern Europe
Romania,ROU,2017,24.46,Eastern Europe
Romania,ROU,2018,23.65,Eastern Europe
Romania,ROU,2019,25.67,Eastern Europe
Romania,ROU,2020,25.91,Eastern Europe
Romania,ROU,2021,24.91,Eastern Europe
Russia,RUS,2013,43.42,Eastern Europe
Russia,RUS,2014,42.78,Eastern Europe
Russia,RUS,2015,44.97,Eastern Europe
Russia,RUS,2016,49.03,Eastern Europe
Russia,RUS,2017,49.45,Eastern Europe
Russia,RUS,2018,49.96,Eastern Europe
Russia,RUS,2019,50.31,Eastern Europe
Russia,RUS,2020,48.92,Eastern Europe
Russia,RUS,2021,48.71,Eastern Europe
Rwanda,RWA,2013,55.46,Eastern Africa
Rwanda,RWA,2014,56.57,Eastern Africa
Rwanda,RWA,2015,56.57,Eastern Africa
Rwanda,RWA,2016,54.61,Eastern Africa
Rwanda,RWA,2017,54.11,Eastern Africa
Rwanda,RWA,2018,52.9,Eastern Africa
Rwanda,RWA,2019,52.43,Eastern Africa
Rwanda,RWA,2020,50.34,Eastern Africa
Rwanda,RWA,2021,50.66,Eastern Africa
Samoa,WSM,2013,23.84,Polynesia
Samoa,WSM,2014,22.02,Polynesia
Samoa,WSM,2015,22.32,Polynesia
Samoa,WSM,2016,18.8,Polynesia
Samoa,WSM,2017,16.41,Polynesia
Samoa,WSM,2018,16.69,Polynesia
Samoa,WSM,2019,18.25,Polynesia
Samoa,WSM,2020,18.25,Polynesia
Samoa,WSM,2021,19.24,Polynesia
Saudi Arabia,SAU,2013,56.88,Western Asia
Saudi Arabia,SAU,2014,58.3,Western Asia
Saudi Arabia,SAU,2015,59.41,Western Asia
Saudi Arabia,SAU,2016,59.72,Western Asia
Saudi Arabia,SAU,2017,66.02,Western Asia
Saudi Arabia,SAU,2018,63.13,Western Asia
Saudi Arabia,SAU,2019,65.88,Western Asia
Saudi Arabia,SAU,2020,62.14,Western Asia
Saudi Arabia,SAU,2021,62.73,Western Asia
Senegal,SEN,2013,26.19,Western Africa
Senegal,SEN,2014,26.68,Western Africa
Senegal,SEN,2015,27.77,Western Africa
Senegal,SEN,2016,27.99,Western Africa
Senegal,SEN,2017,26.72,Western Africa
Senegal,SEN,2018,25.61,Western Africa
Senegal,SEN,2019,25.81,Western Africa
Senegal,SEN,2020,23.99,Western Africa
Senegal,SEN,2021,25.22,Western Africa
Serbia,SRB,2013,26.59,Southern Europe
Serbia,SRB,2014,25.05,Southern Europe
Serbia,SRB,2015,27.66,Southern Europe
Serbia,SRB,2016,27.6,Southern Europe
Serbia,SRB,2017,28.05,Southern Europe
Serbia,SRB,2018,29.58,Southern Europe
Serbia,SRB,2019,31.18,Southern Europe
Serbia,SRB,2020,31.62,Southern Europe
Serbia,SRB,2021,32.03,Southern Europe
Seychelles,SYC,2013,29.19,Eastern Africa
Seychelles,SYC,2014,31.68,Eastern Africa
Seychelles,SYC,2015,31.55,Eastern Africa
Seychelles,SYC,2016,30.6,Eastern Africa
Seychelles,SYC,2017,30.86,Eastern Africa
Seychelles,SYC,2018,30.17,Eastern Africa
Seychelles,SYC,2019,29.41,Eastern Africa
Seychelles,SYC,2020,28.66,Eastern Africa
Seychelles,SYC,2021,25.66,Eastern Africa
Sierra Leone,SLE,2013,26.35,Western Africa
Sierra Leone,SLE,2014,28.23,Western Africa
Sierra Leone,SLE,2015,28.47,Western Africa
Sierra Leone,SLE,2016,29.94,Western Africa
Sierra Leone,SLE,2017,30.73,Western Africa
Sierra Leone,SLE,2018,29.98,Western Africa
Sierra Leone,SLE,2019,30.36,Western Africa
Sierra Leone,SLE,2020,30.28,Western Africa
Sierra Leone,SLE,2021,29.61,Western Africa
Singapore,SGP,2013,43.43,South-eastern Asia
Singapore,SGP,2014,44.29,South-eastern Asia
Singapore,SGP,2015,45.87,South-eastern Asia
Singapore,SGP,2016,52.96,South-eastern Asia
Singapore,SGP,2017,51.1,South-eastern Asia
Singapore,SGP,2018,50.95,South-eastern Asia
Singapore,SGP,2019,51.41,South-eastern Asia
Singapore,SGP,2020,55.23,South-eastern Asia
Singapore,SGP,2021,55.2,South-eastern Asia
Slovakia,SVK,2013,13.25,Eastern Europe
Slovakia,SVK,2014,11.39,Eastern Europe
Slovakia,SVK,2015,11.66,Eastern Europe
Slovakia,SVK,2016,13.26,Eastern Europe
Slovakia,SVK,2017,15.51,Eastern Europe
Slovakia,SVK,2018,20.26,Eastern Europe
Slovakia,SVK,2019,23.58,Eastern Europe
Slovakia,SVK,2020,22.67,Eastern Europe
Slovakia,SVK,2021,23.02,Eastern Europe
Slovenia,SVN,2013,20.49,Southern Europe
Slovenia,SVN,2014,20.38,Southern Europe
Slovenia,SVN,2015,20.55,Southern Europe
Slovenia,SVN,2016,22.26,Southern Europe
Slovenia,SVN,2017,21.7,Southern Europe
Slovenia,SVN,2018,21.69,Southern Europe
Slovenia,SVN,2019,22.31,Southern Europe
Slovenia,SVN,2020,22.64,Southern Europe
Slovenia,SVN,2021,23.1,Southern Europe
Somalia,SOM,2013,73.59,Eastern Africa
Somalia,SOM,2014,73.19,Eastern Africa
Somalia,SOM,2015,72.31,Eastern Africa
Somalia,SOM,2016,65.35,Eastern Africa
Somalia,SOM,2017,65.95,Eastern Africa
Somalia,SOM,2018,63.04,Eastern Africa
Somalia,SOM,2019,57.24,Eastern Africa
Somalia,SOM,2020,55.45,Eastern Africa
Somalia,SOM,2021,55.47,Eastern Africa
South Africa,ZAF,2013,24.56,Southern Africa
South Africa,ZAF,2014,23.19,Southern Africa
South Africa,ZAF,2015,22.06,Southern Africa
South Africa,ZAF,2016,21.92,Southern Africa
South Africa,ZAF,2017,20.12,Southern Africa
South Africa,ZAF,2018,20.39,Southern Africa
South Africa,ZAF,2019,22.19,Southern Africa
South Africa,ZAF,2020,22.41,Southern Africa
South Africa,ZAF,2021,21.59,Southern Africa
South Korea,KOR,2013,24.48,Eastern Asia
South Korea,KOR,2014,25.66,Eastern Asia
South Korea,KOR,2015,26.55,Eastern Asia
South Korea,KOR,2016,28.58,Eastern Asia
South Korea,KOR,2017,27.61,Eastern Asia
South Korea,KOR,2018,23.51,Eastern Asia
South Korea,KOR,2019,24.94,Eastern Asia
South Korea,KOR,2020,23.7,Eastern Asia
South Korea,KOR,2021,23.43,Eastern Asia
South Sudan,SSD,2013,36.2,Eastern Africa
South Sudan,SSD,2014,36.05,Eastern Africa
South Sudan,SSD,2015,38.04,Eastern Africa
South Sudan,SSD,2016,44.87,Eastern Africa
South Sudan,SSD,2017,48.16,Eastern Africa
South Sudan,SSD,2018,46.88,Eastern Africa
South Sudan,SSD,2019,45.65,Eastern Africa
South Sudan,SSD,2020,44.49,Eastern Africa
South Sudan,SSD,2021,45.78,Eastern Africa
Spain,ESP,2013,20.5,Southern Europe
Spain,ESP,2014,20.63,Southern Europe
Spain,ESP,2015,19.95,Southern Europe
Spain,ESP,2016,19.92,Southern Europe
Spain,ESP,2017,18.69,Southern Europe
Spain,ESP,2018,20.51,Southern Europe
Spain,ESP,2019,21.99,Southern Europe
Spain,ESP,2020,22.16,Southern Europe
Spain,ESP,2021,20.44,Southern Europe
Sri Lanka,LKA,2013,56.59,Southern Asia
Sri Lanka,LKA,2014,59.13,Southern Asia
Sri Lanka,LKA,2015,60.28,Southern Asia
Sri Lanka,LKA,2016,44.96,Southern Asia
Sri Lanka,LKA,2017,44.34,Southern Asia
Sri Lanka,LKA,2018,41.37,Southern Asia
Sri Lanka,LKA,2019,39.61,Southern Asia
Sri Lanka,LKA,2020,41.94,Southern Asia
Sri Lanka,LKA,2021,42.2,Southern Asia
Sudan,SDN,2013,70.06,Northern Africa
Sudan,SDN,2014,71.88,Northern Africa
Sudan,SDN,2015,72.34,Northern Africa
Sudan,SDN,2016,72.53,Northern Africa
Sudan,SDN,2017,73.56,Northern Africa
Sudan,SDN,2018,71.13,Northern Africa
Sudan,SDN,2019,72.45,Northern Africa
Sudan,SDN,2020,55.33,Northern Africa
Sudan,SDN,2021,52.93,Northern Africa
Suriname,SUR,2013,18.19,South America
Suriname,SUR,2014,18.2,South America
Suriname,SUR,2015,18.2,South America
Suriname,SUR,2016,16.7,South America
Suriname,SUR,2017,16.07,South America
Suriname,SUR,2018,16.44,South America
Suriname,SUR,2019,16.38,South America
Suriname,SUR,2020,17.5,South America
Suriname,SUR,2021,16.95,South America
Sweden,SWE,2013,9.23,Northern Europe
Sweden,SWE,2014,8.98,Northern Europe
Sweden,SWE,2015,9.47,Northern Europe
Sweden,SWE,2016,12.33,Northern Europe
Sweden,SWE,2017,8.27,Northern Europe
Sweden,SWE,2018,8.31,Northern Europe
Sweden,SWE,2019,8.31,Northern Europe
Sweden,SWE,2020,9.25,Northern Europe
Sweden,SWE,2021,7.24,Northern Europe
Switzerland,CHE,2013,9.94,Western Europe
Switzerland,CHE,2014,10.47,Western Europe
Switzerland,CHE,2015,13.85,Western Europe
Switzerland,CHE,2016,11.76,Western Europe
Switzerland,CHE,2017,12.13,Western Europe
Switzerland,CHE,2018,11.27,Western Europe
Switzerland,CHE,2019,10.52,Western Europe
Switzerland,CHE,2020,10.62,Western Europe
Switzerland,CHE,2021,10.55,Western Europe
Syria,SYR,2013,78.53,Western Asia
Syria,SYR,2014,77.04,Western Asia
Syria,SYR,2015,77.29,Western Asia
Syria,SYR,2016,81.35,Western Asia
Syria,SYR,2017,81.49,Western Asia
Syria,SYR,2018,79.22,Western Asia
Syria,SYR,2019,71.78,Western Asia
Syria,SYR,2020,72.57,Western Asia
Syria,SYR,2021,70.63,Western Asia
Taiwan,TWN,2013,23.82,Eastern Asia
Taiwan,TWN,2014,23.82,Eastern Asia
Taiwan,TWN,2015,24.83,Eastern Asia
Taiwan,TWN,2016,24.37,Eastern Asia
Taiwan,TWN,2017,24.37,Eastern Asia
Taiwan,TWN,2018,23.36,Eastern Asia
Taiwan,TWN,2019,24.98,Eastern Asia
Taiwan,TWN,2020,23.76,Eastern Asia
Taiwan,TWN,2021,23.86,Eastern Asia
Tajikistan,TJK,2013,35.71,Central Asia
Tajikistan,TJK,2014,34.86,Central Asia
Tajikistan,TJK,2015,36.19,Central Asia
Tajikistan,TJK,2016,50.34,Central Asia
Tajikistan,TJK,2017,50.27,Central Asia
Tajikistan,TJK,2018,50.06,Central Asia
Tajikistan,TJK,2019,54.02,Central Asia
Tajikistan,TJK,2020,55.34,Central Asia
Tajikistan,TJK,2021,55.52,Central Asia
Tanzania,TZA,2013,27.34,Eastern Africa
Tanzania,TZA,2014,27.3,Eastern Africa
Tanzania,TZA,2015,28.09,Eastern Africa
Tanzania,TZA,2016,28.65,Eastern Africa
Tanzania,TZA,2017,30.65,Eastern Africa
Tanzania,TZA,2018,30.65,Eastern Africa
Tanzania,TZA,2019,36.28,Eastern Africa
Tanzania,TZA,2020,40.25,Eastern Africa
Tanzania,TZA,2021,40.69,Eastern Africa
Thailand,THA,2013,38.6,South-eastern Asia
Thailand,THA,2014,37.94,South-eastern Asia
Thailand,THA,2015,40.07,South-eastern Asia
Thailand,THA,2016,44.53,South-eastern Asia
Thailand,THA,2017,44.69,South-eastern Asia
Thailand,THA,2018,44.31,South-eastern Asia
Thailand,THA,2019,44.1,South-eastern Asia
Thailand,THA,2020,44.94,South-eastern Asia
Thailand,THA,2021,45.22,South-eastern Asia
Togo,TGO,2013,28.45,Western Africa
Togo,TGO,2014,29.0,Western Africa
Togo,TGO,2015,28.5,Western Africa
Togo,TGO,2016,30.31,Western Africa
Togo,TGO,2017,30.75,Western Africa
Togo,TGO,2018,30.23,Western Africa
Togo,TGO,2019,29.69,Western Africa
Togo,TGO,2020,29.33,Western Africa
Togo,TGO,2021,29.59,Western Africa
Tonga,TON,2013,26.7,Polynesia
Tonga,TON,2014,26.7,Polynesia
Tonga,TON,2015,23.37,Polynesia
Tonga,TON,2016,21.24,Polynesia
Tonga,TON,2017,24.97,Polynesia
Tonga,TON,2018,25.68,Polynesia
Tonga,TON,2019,25.41,Polynesia
Tonga,TON,2020,27.27,Polynesia
Tonga,TON,2021,24.59,Polynesia
Trinidad and Tobago,TTO,2013,23.12,Caribbean
Trinidad and Tobago,TTO,2014,23.28,Caribbean
Trinidad and Tobago,TTO,2015,22.39,Caribbean
Trinidad and Tobago,TTO,2016,23.29,Caribbean
Trinidad and Tobago,TTO,2017,20.62,Caribbean
Trinidad and Tobago,TTO,2018,22.79,Caribbean
Trinidad and Tobago,TTO,2019,24.74,Caribbean
Trinidad and Tobago,TTO,2020,23.22,Caribbean
Trinidad and Tobago,TTO,2021,21.55,Caribbean
Tunisia,TUN,2013,39.93,Northern Africa
Tunisia,TUN,2014,38.69,Northern Africa
Tunisia,TUN,2015,38.68,Northern Africa
Tunisia,TUN,2016,31.6,Northern Africa
Tunisia,TUN,2017,32.22,Northern Africa
Tunisia,TUN,2018,30.91,Northern Africa
Tunisia,TUN,2019,29.61,Northern Africa
Tunisia,TUN,2020,29.45,Northern Africa
Tunisia,TUN,2021,29.53,Northern Africa
Turkey,TUR,2013,46.56,Western Asia
Turkey,TUR,2014,45.87,Western Asia
Turkey,TUR,2015,44.16,Western Asia
Turkey,TUR,2016,50.76,Western Asia
Turkey,TUR,2017,52.98,Western Asia
Turkey,TUR,2018,53.5,Western Asia
Turkey,TUR,2019,52.81,Western Asia
Turkey,TUR,2020,50.02,Western Asia
Turkey,TUR,2021,49.79,Western Asia
Turkmenistan,TKM,2013,79.14,Central Asia
Turkmenistan,TKM,2014,80.81,Central Asia
Turkmenistan,TKM,2015,80.83,Central Asia
Turkmenistan,TKM,2016,83.44,Central Asia
Turkmenistan,TKM,2017,84.19,Central Asia
Turkmenistan,TKM,2018,84.2,Central Asia
Turkmenistan,TKM,2019,85.44,Central Asia
Turkmenistan,TKM,2020,85.44,Central Asia
Turkmenistan,TKM,2021,80.03,Central Asia
Uganda,UGA,2013,31.69,Eastern Africa
Uganda,UGA,2014,33.29,Eastern Africa
Uganda,UGA,2015,31.65,Eastern Africa
Uganda,UGA,2016,32.58,Eastern Africa
Uganda,UGA,2017,35.94,Eastern Africa
Uganda,UGA,2018,36.77,Eastern Africa
Uganda,UGA,2019,39.42,Eastern Africa
Uganda,UGA,2020,40.95,Eastern Africa
Uganda,UGA,2021,41.19,Eastern Africa
Ukraine,UKR,2013,36.79,Eastern Europe
Ukraine,UKR,2014,36.93,Eastern Europe
Ukraine,UKR,2015,39.1,Eastern Europe
Ukraine,UKR,2016,32.93,Eastern Europe
Ukraine,UKR,2017,33.19,Eastern Europe
Ukraine,UKR,2018,31.16,Eastern Europe
Ukraine,UKR,2019,32.46,Eastern Europe
Ukraine,UKR,2020,32.52,Eastern Europe
Ukraine,UKR,2021,32.96,Eastern Europe
United Arab Emirates,ARE,2013,33.49,Western Asia
United Arab Emirates,ARE,2014,36.03,Western Asia
United Arab Emirates,ARE,2015,36.73,Western Asia
United Arab Emirates,ARE,2016,36.73,Western Asia
United Arab Emirates,ARE,2017,39.39,Western Asia
United Arab Emirates,ARE,2018,40.86,Western Asia
United Arab Emirates,ARE,2019,43.63,Western Asia
United Arab Emirates,ARE,2020,42.69,Western Asia
United Arab Emirates,ARE,2021,43.13,Western Asia
United Kingdom,GBR,2013,16.89,Northern Europe
United Kingdom,GBR,2014,19.93,Northern Europe
United Kingdom,GBR,2015,20.0,Northern Europe
United Kingdom,GBR,2016,21.7,Northern Europe
United Kingdom,GBR,2017,22.26,Northern Europe
United Kingdom,GBR,2018,23.25,Northern Europe
United Kingdom,GBR,2019,22.23,Northern Europe
United Kingdom,GBR,2020,22.93,Northern Europe
United Kingdom,GBR,2021,21.59,Northern Europe
United States,USA,2013,18.22,Northern America
United States,USA,2014,23.49,Northern America
United States,USA,2015,24.41,Northern America
United States,USA,2016,22.49,Northern America
United States,USA,2017,23.88,Northern America
United States,USA,2018,23.73,Northern America
United States,USA,2019,25.69,Northern America
United States,USA,2020,23.85,Northern America
United States,USA,2021,23.93,Northern America
Uruguay,URY,2013,15.92,South America
Uruguay,URY,2014,16.08,South America
Uruguay,URY,2015,15.94,South America
Uruguay,URY,2016,15.88,South America
Uruguay,URY,2017,17.43,South America
Uruguay,URY,2018,15.56,South America
Uruguay,URY,2019,16.06,South America
Uruguay,URY,2020,15.79,South America
Uruguay,URY,2021,16.38,South America
Uzbekistan,UZB,2013,60.39,Central Asia
Uzbekistan,UZB,2014,61.01,Central Asia
Uzbekistan,UZB,2015,61.14,Central Asia
Uzbekistan,UZB,2016,61.15,Central Asia
Uzbekistan,UZB,2017,66.11,Central Asia
Uzbekistan,UZB,2018,60.84,Central Asia
Uzbekistan,UZB,2019,53.52,Central Asia
Uzbekistan,UZB,2020,53.07,Central Asia
Uzbekistan,UZB,2021,50.74,Central Asia
Venezuela,VEN,2013,34.44,South America
Venezuela,VEN,2014,35.37,South America
Venezuela,VEN,2015,40.61,South America
Venezuela,VEN,2016,44.77,South America
Venezuela,VEN,2017,42.94,South America
Venezuela,VEN,2018,46.03,South America
Venezuela,VEN,2019,49.1,South America
Venezuela,VEN,2020,45.66,South America
Venezuela,VEN,2021,47.6,South America
Vietnam,VNM,2013,71.78,South-eastern Asia
Vietnam,VNM,2014,72.36,South-eastern Asia
Vietnam,VNM,2015,72.63,South-eastern Asia
Vietnam,VNM,2016,74.27,South-eastern Asia
Vietnam,VNM,2017,73.96,South-eastern Asia
Vietnam,VNM,2018,75.05,South-eastern Asia
Vietnam,VNM,2019,74.93,South-eastern Asia
Vietnam,VNM,2020,74.71,South-eastern Asia
Vietnam,VNM,2021,78.46,South-eastern Asia
Yemen,YEM,2013,69.22,Western Asia
Yemen,YEM,2014,67.26,Western Asia
Yemen,YEM,2015,66.36,Western Asia
Yemen,YEM,2016,67.07,Western Asia
Yemen,YEM,2017,65.8,Western Asia
Yemen,YEM,2018,62.23,Western Asia
Yemen,YEM,2019,61.66,Western Asia
Yemen,YEM,2020,58.25,Western Asia
Yemen,YEM,2021,62.35,Western Asia
Zambia,ZMB,2013,27.93,Eastern Africa
Zambia,ZMB,2014,30.89,Eastern Africa
Zambia,ZMB,2015,34.35,Eastern Africa
Zambia,ZMB,2016,35.08,Eastern Africa
Zambia,ZMB,2017,36.48,Eastern Africa
Zambia,ZMB,2018,35.36,Eastern Africa
Zambia,ZMB,2019,36.38,Eastern Africa
Zambia,ZMB,2020,37.0,Eastern Africa
Zambia,ZMB,2021,38.21,Eastern Africa
Zimbabwe,ZWE,2013,38.12,Eastern Africa
Zimbabwe,ZWE,2014,39.19,Eastern Africa
Zimbabwe,ZWE,2015,39.19,Eastern Africa
Zimbabwe,ZWE,2016,40.41,Eastern Africa
Zimbabwe,ZWE,2017,41.44,Eastern Africa
Zimbabwe,ZWE,2018,40.53,Eastern Africa
Zimbabwe,ZWE,2019,42.23,Eastern Africa
Zimbabwe,ZWE,2020,40.95,Eastern Africa
Zimbabwe,ZWE,2021,43.12,Eastern Africa
